Concurrency Level,Throughput Tokens/sec
1,63.4423023390833
2,79.77549112818384
5,142.76457447020167
10,310.30136647250373
15,489.1811576479445
20,548.078979399903
30,710.057213006424
50,952.6949675693057
