Concurrency Level,Throughput Tokens/sec
1,30.43034062752122
2,53.431239433370216
5,123.39901300242789
10,233.30756705324097
15,236.95269249621626
20,276.760212969834
